Probability,Prediction,FS,DT,NYHA,HR,BNP,LVIDs,BMI,LAV,Wall_Subendocardial,LDLc,Age,ECG_T_inversion,ICT,RBS,EA,Chest_pain
0.11261422,0,25,160,3,95,800,4.8,28.5,45,1,140,65,1,110,180,0.8,1
0.20103727,0,40,220,1,75,50,3.0,22.1,30,0,100,45,0,80,110,1.5,0
0.11261422,0,20,150,4,110,1200,5.2,30.2,50,1,150,70,1,120,200,0.7,1
0.20103727,0,35,200,2,80,100,3.5,24.5,35,0,110,55,0,90,120,1.2,0
